ID;Nome do Fornecedor;País de Origem;Informações de Contato;Data de Início
1;Techtronix;China;email@techtronix.com;44576
2;ElectroTech;Japão;info@electrotech.co.jp;44520
3;GlobalGadgets;EUA;contact@globalgadgets.com;44625
4;InnovateTech; Coreia do Sul;info@innovatetech.kr;44602
5;EuroElectronics;Alemanha;contact@euroelectronics.de;44669
6;AsiaConnect;Tailândia;info@asiaconnect.co.th;44469
7;SwiftElectronics;Reino Unido;sales@swiftelectronics.co.uk;44767
8;TopGizmos;Taiwan;info@topgizmos.tw;44727
9;PrimeTech;Índia;support@primetech.in;44538
10;MegaElectronics;Brasil;contact@megaelectronics.com.br;44684
11;GalaxyImports;Espanha;info@galaxyimports.es;44795
12;PacificTraders;Austrália;info@pacifictraders.com.au;44481
13;NewWave;Canadá;customerservice@newwave.ca;44638
14;DigitalEdge;Singapura;info@digitaledge.sg;44809
15;SunriseTech;México;sales@sunrisetech.mx;44407
16;NovaInnovation;África do Sul;contact@novainnovation.co.za;44679
17;GoldenGadgets;Itália;support@goldengadgets.it;44593
18;PioneerSupplies;Países Baixos;info@pioneersupplies.nl;44367
19;OceanTech;Nova Zelândia;info@oceantech.nz;44563
20;EliteElectronics;França;contact@eliteelectronics.fr;44752
21;PeakImports;Suíça;sales@peakimports.ch;44720
22;SmartTraders;Rússia;info@smarttraders.ru;44515
23;VisionaryTech;Emirados Árabes Unidos;support@visionarytech.ae;44645
24;StarLink;Hong Kong;info@starlink.hk;44701
25;CityElectronics;Malásia;sales@cityelectronics.my;44548
26;NobleInnovations;Noruega;contact@nobleinnovations.no;44778
27;PowerTech;Dinamarca;info@powertech.dk;44661
28;GlobalTrade;Argentina;info@globaltrade.com.ar;44620
29;BravoTech;Chile;contact@bravotech.cl;44461
30;SwiftSolutions;Bélgica;sales@swiftsolutions.be;44742
31;TopQuality;Irlanda;info@topquality.ie;44630
32;SuperiorImports;Israel;support@superiorimports.co.il;44508
33;GoldenSupplies;Suécia;info@goldensupplies.se;44579
34;GlobalElectro;China;sales@globalelectro.com;44744
35;PacificImports;Jamaica;contact@pacificimports.jm;44696
36;OptimaTech;Portugal;info@optimatech.pt;44497
37;CreativeInnovations;Maldivas;support@creativeinnovations.mv;44656
38;DiamondImports;Polônia;info@diamondimports.pl;44824
39;RapidGadgets;Mônaco;sales@rapidgadgets.mc;44785
40;SmartConnect;China;contact@smartconnect.com;44552
41;TradeMasters;Costa Rica;info@trademasters.cr;44722
42;GreatDeals;China;support@greatdeals.com;44628
43;DynamicTech;Nigéria;info@dynamictech.ng;44525
44;InfiniteImports;Vietnã;sales@infiniteimports.vn;44597
45;PowerfulSupplies;Turquia;contact@powerfulsupplies.com.tr;44757
46;UniversalGadgets;China;info@universalgadgets.com;44479
47;ExcelTrade;Malawi;support@exceltrade.mw;44709
48;SmartSolutions;Ruanda;info@smartsolutions.rw;44653
49;RapidTech;Uruguai;sales@rapidtech.uy;44545
50;PremiumImports;Bahamas;contact@premiumimports.bs;44791
;;;;
